{
    "name":"googlemaps",
    "displayName":"Google Maps",
    "packageType": "Web-Component",
    "icon": "https://upload.wikimedia.org/wikipedia/commons/d/dc/Google_Maps_Logo.svg",
    "description": "A component for viewing Google Maps in Servoy's NGClient",
    "wikiUrl": "https://github.com/Servoy/svyGMaps/wiki",
    "sourceUrl" : "https://github.com/Servoy/svyGMaps",
    "releases" : [{
    	"version":"1.0.0",
    	"url":"https://github.com/Servoy/svyGMaps/releases/download/1.0.0/googlemaps.zip"}]
}
